<CompuCell3D Revision="20190604" Version="4.0.0">
   
   <Potts>
      
      <!-- Basic properties of CPM (GGH) algorithm -->
      <Dimensions x="100" y="100" z="1"/>
      <Steps>100000</Steps>
      <Temperature>10.0</Temperature>
      <NeighborOrder>1</NeighborOrder>
   </Potts>
   
   <Plugin Name="CellType">
      
      <!-- Listing all cell types in the simulation -->
      <CellType TypeId="0" TypeName="Medium"/>
      <CellType TypeId="1" TypeName="A"/>
      <CellType TypeId="2" TypeName="B"/>
      <CellType TypeId="3" TypeName="C"/>
   </Plugin>
   
   <Plugin Name="Volume"/>
   
   <Plugin Name="CenterOfMass">
      
      <!-- Module tracking center of mass of each cell -->
   </Plugin>
   
   <Plugin Name="Contact">
      <!-- Specification of adhesion energies -->
      <Energy Type1="Medium" Type2="Medium">10.0</Energy>
      <Energy Type1="Medium" Type2="A">10.0</Energy>
      <Energy Type1="Medium" Type2="B">10.0</Energy>
      <Energy Type1="Medium" Type2="C">10.0</Energy>
      <Energy Type1="A" Type2="A">10.0</Energy>
      <Energy Type1="A" Type2="B">10.0</Energy>
      <Energy Type1="A" Type2="C">10.0</Energy>
      <Energy Type1="B" Type2="B">10.0</Energy>
      <Energy Type1="B" Type2="C">10.0</Energy>
      <Energy Type1="C" Type2="C">10.0</Energy>
      <NeighborOrder>4</NeighborOrder>
   </Plugin>
      
   <Steppable Type="UniformInitializer">
      
      <!-- Initial layout of cells in the form of rectangular slab -->
      <Region>
         <BoxMin x="20" y="20" z="0"/>
         <BoxMax x="80" y="80" z="1"/>
         <Gap>0</Gap>
         <Width>5</Width>
         <Types>A,B,C</Types>
      </Region>
   </Steppable>

    <Steppable Type="GrowthSteppable">
        <GrowthRate CellType="1" Rate="1.3"/>
        <GrowthRate CellType="2" Rate="1.7"/>
    </Steppable>   


</CompuCell3D>
